{
  "version": 1,
  "author": "Emilda Citra Diva Revanda",
  "editor": "wokwi",
  "parts": [
    {
      "type": "wokwi-esp32-devkit-v1",
      "id": "esp",
      "top": 0,
      "left": 0,
      "attrs": {}
    },
    {
      "type": "wokwi-dht22",
      "id": "dht22",
      "top": -80,
      "left": 80,
      "attrs": {}
    },
    {
      "type": "wokwi-analog-sensor",
      "id": "rain_sensor",
      "top": -20,
      "left": 120,
      "attrs": { "name": "Rain Sensor" }
    },
    {
      "type": "wokwi-servo",
      "id": "servo1",
      "top": 40,
      "left": 40,
      "attrs": {}
    }
  ],
  "connections": [
    ["esp:GPIO27", "dht22:DATA", "", []],
    ["esp:GPIO34", "rain_sensor:OUT", "", []],
    ["esp:GPIO14", "servo1:SIGNAL", "", []],

    ["dht22:GND", "esp:GND", "", []],
    ["rain_sensor:GND", "esp:GND", "", []],
    ["servo1:GND", "esp:GND", "", []],

    ["dht22:VCC", "esp:3V3", "", []],
    ["rain_sensor:VCC", "esp:3V3", "", []],
    ["servo1:VCC", "esp:3V3", "", []]
  ],
  "dependencies": {}
}
